{"cameraMode":{"drawMode":0,"name":"Shaded","section":"Shading Mode"},"sceneLighting":true,"audioPlay":false,"sceneViewState":{"m_AlwaysRefresh":false,"showFog":true,"showSkybox":true,"showFlares":true,"showImageEffects":true,"showParticleSystems":true,"showVisualEffectGraphs":true,"m_FxEnabled":true},"in2DMode":false,"pivot":{"x":0.5643267631530762,"y":2.1493749618530275,"z":-4.85113525390625},"rotation":{"x":0.17121271789073945,"y":0.4543868899345398,"z":-0.08946157246828079,"w":0.8696078658103943},"size":2.2790582180023195,"orthographic":false}